{"name":"f6de3e82-f781-4ec7-9296-87948efa0a2a","id":"/providers/Microsoft.Flow/flows/f6de3e82-f781-4ec7-9296-87948efa0a2a","type":"Microsoft.Flow/flows","properties":{"apiId":"/providers/Microsoft.PowerApps/apis/shared_logicflows","displayName":"Get Adobe Sign form data from agreement as JSON","definition":{"metadata":{"workflowEntityId":null,"flowclientsuspensionreason":"None","flowclientsuspensiontime":null,"creator":{"id":"08c9d5e8-4e26-4954-980e-89c42996a0fd","type":"User","tenantId":"fa7b1b5a-7b34-4387-94ae-d2c178decee1"},"provisioningMethod":"FromDefinition","failureAlertSubscription":true,"clientLastModifiedTime":"2020-10-20T01:00:44.6613595Z"},"$schema":"https://schema.management.azure.com/providers/Microsoft.Logic/schemas/2016-06-01/workflowdefinition.json#","contentVersion":"1.0.0.0","parameters":{"$authentication":{"defaultValue":{},"type":"SecureObject"}},"triggers":{"manual":{"type":"Request","kind":"Http","inputs":{"schema":{"type":"object","properties":{"senderEmail":{"type":"string"},"agreementID":{"type":"string"}}}}}},"actions":{"Condition":{"actions":{"Get_the_headers":{"runAfter":{},"type":"SetVariable","inputs":{"name":"Headers","value":"@split(variables('EACH_ROW')[0],'|')"}},"Apply_to_each":{"foreach":"@variables('EACH_ROW')","actions":{"Checks_if_I_have_items_and_if_the_number_of_items_in_the_CSV_match_the_headers":{"actions":{"Array_with_each_element_in_the_CSV_line":{"runAfter":{},"type":"Compose","inputs":"@split(items('Apply_to_each'),'|')"},"Checks_if_I_have_the_same_number_of_items_as_the_headers":{"actions":{"Apply_to_each_2":{"foreach":"@outputs('Array_with_each_element_in_the_CSV_line')","actions":{"Adds_the_start_of_the_JSON_element":{"runAfter":{},"type":"AppendToStringVariable","inputs":{"name":"JSON_STRING","value":"@if(equals(variables('CSV_ITERATOR'),0),'{','')"}},"Append_to_string_variable":{"runAfter":{"Append_to_string_variable_2":["Succeeded"]},"type":"AppendToStringVariable","inputs":{"name":"JSON_STRING","value":"@if(equals(length(outputs('Array_with_each_element_in_the_CSV_line')),variables('CSV_ITERATOR')),'}',',')"}},"Increments_the_CSV_iterator_that_keeps_track_of_the_lines":{"runAfter":{"Generates_each_JSON_line":["Succeeded"]},"type":"IncrementVariable","inputs":{"name":"CSV_ITERATOR","value":1}},"Generates_each_JSON_line":{"runAfter":{"Adds_the_start_of_the_JSON_element":["Succeeded"]},"type":"Compose","inputs":"@concat('\"',variables('Headers')[variables('CSV_ITERATOR')],'\":\"',items('Apply_to_each_2'),'\"')"},"Append_to_string_variable_2":{"runAfter":{"Increments_the_CSV_iterator_that_keeps_track_of_the_lines":["Succeeded"]},"type":"AppendToStringVariable","inputs":{"name":"JSON_STRING","value":"@outputs('Generates_each_JSON_line')"}}},"runAfter":{},"type":"Foreach"},"Compose":{"runAfter":{"Apply_to_each_2":["Succeeded"]},"type":"Compose","inputs":"@if(equals(variables('ITERATION'),length(variables('EACH_ROW'))),'}',']')"},"Set_variable":{"runAfter":{"Compose":["Succeeded"]},"type":"SetVariable","inputs":{"name":"CSV_ITERATOR","value":0}}},"runAfter":{"Increment_line_of_the_rows":["Succeeded"]},"expression":{"equals":["@length(variables('Headers'))","@length(outputs('Array_with_each_element_in_the_CSV_line'))"]},"type":"If"},"Increment_line_of_the_rows":{"runAfter":{"Array_with_each_element_in_the_CSV_line":["Succeeded"]},"type":"IncrementVariable","inputs":{"name":"ITERATION","value":1}},"Append_to_string_variable_3":{"runAfter":{"Checks_if_I_have_the_same_number_of_items_as_the_headers":["Succeeded"]},"type":"AppendToStringVariable","inputs":{"name":"JSON_STRING","value":"@if(equals(length(variables('EACH_ROW')),variables('ITERATION')),']',',')"}}},"runAfter":{},"else":{"actions":{"Increment_variable":{"runAfter":{},"type":"IncrementVariable","inputs":{"name":"ITERATION","value":1}}}},"expression":{"and":[{"greater":["@variables('ITERATION')",0]},{"equals":["@length(variables('Headers'))","@length(split(items('Apply_to_each'),'|'))"]}]},"type":"If"}},"runAfter":{"Get_the_headers":["Succeeded"]},"type":"Foreach"}},"runAfter":{"JSON_String":["Succeeded"]},"else":{"actions":{"Terminate":{"runAfter":{},"type":"Terminate","inputs":{"runStatus":"Failed","runError":{"message":"We need the headers to continue and more than 2 lines."}}}}},"expression":{"greater":["@length(variables('EACH_ROW'))",1]},"type":"If"},"Headers":{"runAfter":{"EACH_ROW":["Succeeded"]},"type":"InitializeVariable","inputs":{"variables":[{"name":"Headers","type":"array"}]}},"Iterator_to_ignore_the_first_row":{"runAfter":{"Headers":["Succeeded"]},"type":"InitializeVariable","inputs":{"variables":[{"name":"ITERATION","type":"integer","value":0}]}},"JSON_String":{"runAfter":{"Iteration_of_the_csv_items":["Succeeded"]},"type":"InitializeVariable","inputs":{"variables":[{"name":"JSON_STRING","type":"string","value":"["}]}},"Iteration_of_the_csv_items":{"runAfter":{"Iterator_to_ignore_the_first_row":["Succeeded"]},"type":"InitializeVariable","inputs":{"variables":[{"name":"CSV_ITERATOR","type":"integer","value":0}]}},"Compose_2":{"runAfter":{"Condition":["Succeeded"]},"type":"Compose","inputs":"@variables('JSON_STRING')"},"Response":{"runAfter":{"Compose_2":["Succeeded"]},"type":"Response","kind":"Http","inputs":{"statusCode":200,"body":"@variables('JSON_STRING')"}},"ALL_ROWS":{"runAfter":{"stripNreplace":["Succeeded"]},"type":"InitializeVariable","inputs":{"variables":[{"name":"ALL_ROW","type":"array","value":"@split(outputs('stripNreplace'),'\n')"}]},"description":"Spits the string on the carriage returns."},"REMOVE_EMPTY":{"runAfter":{"ALL_ROWS":["Succeeded"]},"type":"Query","inputs":{"from":"@variables('ALL_ROW')","where":"@equals(empty(item()),false)"},"description":"Removes the last \"empty\" line due to extra carriage return."},"EACH_ROW":{"runAfter":{"REMOVE_EMPTY":["Succeeded"]},"type":"InitializeVariable","inputs":{"variables":[{"name":"EACH_ROW","type":"array","value":"@body('REMOVE_EMPTY')"}]}},"getFormData":{"runAfter":{"senderEmail":["Succeeded"]},"type":"Http","inputs":{"method":"GET","uri":"https://api.@{variables('shard')}.adobesign.com/api/rest/v6/agreements/@{variables('agreementID')}/formData","headers":{"Authorization":"Bearer @{variables('apiToken')}","x-api-user":"email:@{variables('senderEmail')}"}},"description":"Calls the Adobe Sign API to get the formData for the agreement ID passed into the request trigger endpoint."},"agreementID":{"runAfter":{},"type":"InitializeVariable","inputs":{"variables":[{"name":"agreementID","type":"string","value":"@triggerBody()?['agreementID']"}]},"description":"Gets the Agreement ID from the value passed in the post for use in the HTTP call to get the form data."},"shard":{"runAfter":{"agreementID":["Succeeded"]},"type":"InitializeVariable","inputs":{"variables":[{"name":"shard","type":"string","value":"na2"}]},"description":"Sets the account \"shard\" depending on where your Adobe Sign account \"lives\" like na1, na2, eu1, etc. "},"apiToken":{"runAfter":{"shard":["Succeeded"]},"type":"InitializeVariable","inputs":{"variables":[{"name":"apiToken","type":"string","value":"3AAABLblqZhD7gPDMJ5vjNsKgHXbUxh3eGm3Y2U_iTYlh40xEKV0n3JaoDk3uPhO5VSYrheIojNCU2WqAsaG1oYtllVLaHv9e"}]},"description":"This can be an integration key or API \"oAuth\" token if available."},"senderEmail":{"runAfter":{"apiToken":["Succeeded"]},"type":"InitializeVariable","inputs":{"variables":[{"name":"senderEmail","type":"string","value":"@triggerBody()?['senderEmail']"}]},"description":"Sets the senders email from the value passed to the trigger since all API calls must be made in the context of the sender/creator of the agreement."},"stripNreplace":{"runAfter":{"getFormData":["Succeeded"]},"type":"Compose","inputs":"@replace(replace(body('getFormData'),'\",\"','|'),'\"','')","description":"Replaces all [\",\"] separators in the CSV string with a pipe | and removes any remaining double quotes \".  This is to get around any commas in your \"fieldData\" throwing off the parsing later."}},"outputs":{}},"connectionReferences":{},"flowFailureAlertSubscribed":false}}